Team_Name,Conference,Record,Win_Percent,Delta,Rank,Rating,Power_Rank,Power,Offense_Rank,Offense,Defense_Rank,Defense,HFA,SoS_Rank,SoS,SSF_Rank,SSF,EW,EL
Gonzaga,West Coast,32-1,0.9697,+1,1,2.9869,1,56.0203,7,103.859,8,28.8963,1.70253,62,35.0631,62,34.9435,0.9841,0.0159
Villanova,Big East,31-3,0.91176,+1,2,2.86711,2,52.7564,32,98.0424,3,31.4494,2.7736,22,38.5276,22,38.5276,0,0
Kentucky,Southeastern,29-5,0.85294,+2,3,2.77233,3,51.3562,3,105.455,59,22.6364,3.01589,15,38.9032,15,38.7123,0.9522,0.0478
Arizona,Pac 12,30-4,0.88235,+4,4,2.7546,7,49.0318,29,98.2549,15,27.5151,3.12439,40,36.7854,42,36.6232,0.9387,0.0613
Kansas,Big 12,28-4,0.875,-4,5,2.718,4,49.5867,4,104.533,71,21.7891,3.82537,2,40.7803,2,40.7803,0,0
Duke,Atlantic Coast,27-8,0.77143,+11,6,2.69127,8,49.0219,14,101.759,49,23.9978,4.0273,3,40.4376,4,40.2506,0.911,0.089
SMU,American Athletic,30-4,0.88235,+8,7,2.65647,11,48.3282,43,96.4186,10,28.648,4.44284,68,34.0839,70,34.0839,0,0
Iowa St,Big 12,23-10,0.69697,+13,8,2.61994,10,48.6749,10,102.307,52,23.1029,3.1207,1,40.9946,1,40.9974,0.7366,0.2634
North Carolina,Atlantic Coast,27-7,0.79412,-3,9,2.58829,6,49.0874,6,104.203,73,21.6202,5.09725,10,39.5325,13,39.2072,0.9767,0.0233
UCLA,Pac 12,29-4,0.87879,-6,10,2.57327,19,46.6592,1,107.247,175,16.1546,3.83298,57,35.5496,57,35.4455,0.8923,0.1077
Wichita St,Missouri Val,30-4,0.88235,+2,11,2.56691,5,49.3187,16,100.285,33,25.7746,4.26698,91,31.6704,88,31.9945,0.7583,0.2417
West Virginia,Big 12,26-8,0.76471,,12,2.54228,9,48.7949,18,99.9214,34,25.6085,3.80832,14,39.1097,14,39.0385,0.8468,0.1532
St Mary's CA,West Coast,28-4,0.875,-6,13,2.52827,14,47.3973,140,90.1896,2,33.945,2.02953,79,33.41,77,33.6673,0.7029,0.2971
Oregon,Pac 12,29-5,0.85294,-3,14,2.516,16,47.14,34,97.7679,26,26.1115,4.45618,58,35.486,59,35.3888,0.895,0.105
Baylor,Big 12,25-7,0.78125,-6,15,2.51015,13,47.5163,75,93.5111,5,30.7396,3.86939,9,39.8097,9,39.7251,0.8147,0.1853
Notre Dame,Atlantic Coast,25-9,0.73529,+8,16,2.48813,21,46.0162,27,98.6248,48,24.1254,4.15149,16,38.7099,16,38.6696,0.7701,0.2299
Louisville,Atlantic Coast,24-8,0.75,-3,17,2.47953,15,47.3734,30,98.107,29,26.0023,5.08429,5,40.224,5,39.9607,0.9243,0.0757
Michigan,Big 10,24-11,0.68571,+15,18,2.47354,17,47.1036,37,97.0352,22,26.8031,2.98606,24,38.3879,19,38.6036,0.5486,0.4514
Florida,Southeastern,24-8,0.75,-9,19,2.46858,12,48.2084,26,98.7946,25,26.1494,3.63501,6,39.8668,7,39.8075,0.8047,0.1953
Cincinnati,American Athletic,29-5,0.85294,-2,20,2.44696,24,45.0519,80,93.0534,9,28.738,4.51624,65,34.4783,65,34.4783,0,0
Purdue,Big 10,25-7,0.78125,-5,21,2.43598,20,46.6378,22,99.0964,47,24.2786,4.29123,31,37.3674,32,37.3845,0.7671,0.2329
Florida St,Atlantic Coast,25-8,0.75758,-2,22,2.41262,23,45.3602,17,100.229,69,21.8659,5.55421,25,38.3376,26,38.1932,0.8462,0.1538
Virginia,Atlantic Coast,22-10,0.6875,-4,23,2.38067,18,46.7267,221,86.8027,1,36.6621,4.4219,8,39.8114,8,39.7654,0.761,0.239
Wisconsin,Big 10,25-9,0.73529,+2,24,2.36619,25,44.9823,139,90.3056,4,31.4136,3.96718,32,37.3598,31,37.4654,0.633,0.367
Oklahoma St,Big 12,20-12,0.625,-2,25,2.3525,22,45.6562,2,106.578,186,15.814,3.11461,4,40.3862,3,40.5947,0.4513,0.5487
Creighton,Big East,25-9,0.73529,+2,26,2.34332,26,44.3424,19,99.88,75,21.1983,2.88692,34,37.196,33,37.3697,0.5448,0.4552
Arkansas,Southeastern,25-9,0.73529,+3,27,2.33417,32,42.1702,25,98.8611,93,20.0453,3.32722,41,36.7736,39,36.9003,0.537,0.463
Kansas St,Big 12,21-13,0.61765,+7,28,2.32613,27,44.2946,69,93.7393,17,27.2911,2.83914,12,39.2486,12,39.2486,0,0
Butler,Big East,23-8,0.74194,-7,29,2.3213,28,44.109,48,95.929,39,24.9149,3.53489,20,38.5785,24,38.4618,0.7837,0.2163
Minnesota,Big 10,24-9,0.72727,-3,30,2.31617,30,42.9263,39,96.7926,55,22.87,3.29538,30,37.3935,30,37.4866,0.5824,0.4176
Rhode Island,Atlantic 10,24-9,0.72727,+21,31,2.26909,29,43.0037,84,92.8557,21,26.891,1.32937,69,34.0538,66,34.3868,0.4551,0.5449
Miami FL,Atlantic Coast,21-11,0.65625,-3,32,2.25965,36,41.0818,205,87.4035,6,30.415,4.87973,28,38.0998,27,38.1877,0.5039,0.4961
Nevada,Mountain West,28-6,0.82353,+18,33,2.25017,37,41.0748,23,99.0577,119,18.7553,3.5566,97,31.2707,90,31.844,0.2633,0.7367
Virginia Tech,Atlantic Coast,22-10,0.6875,-3,34,2.2467,40,40.9731,24,98.9756,121,18.7285,4.29539,37,37.083,35,37.3257,0.367,0.633
Seton Hall,Big East,21-11,0.65625,-1,35,2.24209,38,41.0684,78,93.2691,43,24.5372,3.42362,35,37.1861,34,37.3396,0.4629,0.5371
Maryland,Big 10,24-8,0.75,-11,36,2.23231,39,41.0136,55,94.7579,54,22.9922,2.20965,52,35.9864,49,36.1181,0.5256,0.4744
Vanderbilt,Southeastern,19-15,0.55882,+6,37,2.22827,31,42.7135,97,92.1631,18,27.289,2.88844,13,39.2046,11,39.2638,0.5502,0.4498
Northwestern,Big 10,23-11,0.67647,+2,38,2.21522,34,41.2488,117,91.2086,23,26.7765,2.97499,43,36.5359,41,36.7169,0.4498,0.5502
MTSU,Conference USA,30-4,0.88235,+7,39,2.21238,45,40.4732,114,91.2751,31,25.9345,2.75573,139,28.0719,131,28.5901,0.4176,0.5824
VA Commonwealth,Atlantic 10,26-8,0.76471,+2,40,2.2076,35,41.1617,59,94.4812,50,23.4208,3.25569,77,33.5731,71,33.9991,0.2971,0.7029
Illinois St,Missouri Val,27-6,0.81818,-3,41,2.19738,50,39.5962,210,87.131,7,29.2085,3.79881,101,31.0791,102,30.9863,0.8862,0.1138
Xavier,Big East,21-13,0.61765,+6,42,2.16149,48,40.2556,57,94.4966,62,22.4952,3.51188,26,38.2941,25,38.3725,0.4744,0.5256
TCU,Big 12,19-15,0.55882,+19,43,2.161,43,40.6728,64,94.2125,51,23.1943,3.74828,18,38.6494,23,38.4664,0.8238,0.1762
Dayton,Atlantic 10,24-7,0.77419,-12,44,2.15305,42,40.8847,53,95.0301,61,22.5948,3.32773,80,33.2622,75,33.7939,0.2416,0.7584
UNC Wilmington,Colonial,29-5,0.85294,-1,45,2.14246,55,38.236,12,101.975,236,13.0013,3.8326,127,28.6611,122,29.2414,0.239,0.761
Georgia,Southeastern,19-14,0.57576,+4,46,2.13415,51,39.0598,125,90.8646,38,24.9327,2.18598,27,38.1959,28,38.0368,0.7448,0.2552
Vermont,America East,29-5,0.85294,,47,2.12169,60,37.9306,188,87.9947,24,26.6745,2.4732,189,26.2075,173,26.8851,0.2329,0.7671
South Carolina,Southeastern,22-10,0.6875,-12,48,2.11938,46,40.3301,121,91.0221,27,26.043,3.90833,50,36.062,47,36.2252,0.467,0.533
Michigan St,Big 10,19-14,0.57576,,49,2.11727,41,40.9693,106,91.7279,30,25.9785,3.94708,23,38.512,20,38.5883,0.4961,0.5039
Marquette,Big East,19-12,0.6129,-11,50,2.11216,33,41.3067,11,102.225,185,15.8193,4.0285,36,37.111,37,37.2132,0.5329,0.4671
USC,Pac 12,24-9,0.72727,-6,51,2.08962,53,38.6449,49,95.598,97,19.7862,4.23638,71,33.987,69,34.1305,0.4977,0.5023
Providence,Big East,20-12,0.625,-11,52,2.08771,52,38.7146,146,89.8817,35,25.5695,3.58431,46,36.2217,46,36.2957,0.5022,0.4978
Wake Forest,Atlantic Coast,19-14,0.57576,-16,53,2.08734,44,40.6411,5,104.356,233,13.0231,4.97843,17,38.6505,17,38.6505,0,0
ETSU,Southern,27-7,0.79412,+1,54,2.07365,61,37.7996,56,94.7551,98,19.7822,2.24219,136,28.3959,125,29.0103,0.1952,0.8048
Mississippi,Southeastern,21-13,0.61765,+5,55,2.07038,58,38.0705,31,98.0658,160,16.7408,2.573,54,35.7937,54,35.7937,0,0
Princeton,Ivy League,23-6,0.7931,+7,56,2.06638,65,37.2043,224,86.7744,19,27.1681,1.11914,160,27.2752,145,27.9634,0.2298,0.7702
Alabama,Southeastern,19-15,0.55882,+12,57,2.019,49,39.9842,183,88.2179,11,28.5047,2.214,48,36.1897,48,36.1897,0,0
Illinois,Big 10,19-14,0.57576,-1,58,2.01723,57,38.121,138,90.3405,44,24.5174,3.94775,44,36.4658,44,36.4658,0,0
New Mexico St,Western Athletic,28-5,0.84848,+27,59,2.01143,70,36.7528,86,92.7993,82,20.6917,2.65097,227,25.2004,202,25.9517,0.1853,0.8147
Richmond,Atlantic 10,21-12,0.63636,+16,60,1.99819,72,36.4964,58,94.4937,120,18.744,2.30373,83,32.7922,83,32.7922,0,0
Colorado St,Mountain West,24-11,0.68571,+21,61,1.98399,68,36.8345,109,91.6342,68,21.9376,3.03683,99,31.2208,99,31.2208,0,0
Clemson,Atlantic Coast,17-16,0.51515,-9,62,1.98175,47,40.3267,62,94.2732,56,22.7884,3.50115,19,38.6236,18,38.6236,0,0
Iowa,Big 10,18-14,0.5625,-9,63,1.95578,71,36.5619,21,99.1181,213,14.181,4.45533,55,35.7573,56,35.5425,0.8193,0.1807
BYU,West Coast,22-11,0.66667,+6,64,1.95547,66,37.0625,20,99.4818,206,14.3201,2.79837,90,31.75,92,31.8143,0.6557,0.3443
Georgia Tech,Atlantic Coast,18-15,0.54545,+9,65,1.954,63,37.3018,231,86.4815,14,27.554,4.61385,53,35.8026,53,35.8026,0,0
Syracuse,Atlantic Coast,18-14,0.5625,-7,66,1.95152,62,37.4323,60,94.455,99,19.7124,5.78386,47,36.2156,51,36.0363,0.8162,0.1838
Tennessee,Southeastern,16-16,0.5,-1,67,1.95025,56,38.1292,68,93.7809,77,21.0858,3.28398,29,37.9559,29,37.9559,0,0
Indiana,Big 10,18-16,0.52941,-7,68,1.94404,54,38.2673,33,97.8039,153,17.2009,4.49464,42,36.6182,43,36.6182,0,0
Houston,American Athletic,21-10,0.67742,-11,69,1.94052,64,37.2223,113,91.2817,58,22.6796,4.24168,84,32.7387,84,32.7691,0.617,0.383
Texas Tech,Big 12,18-14,0.5625,-14,70,1.94037,59,37.958,148,89.8047,40,24.8884,4.65606,49,36.1075,50,36.1075,0,0
Pittsburgh,Atlantic Coast,16-17,0.48485,+4,71,1.93854,69,36.7812,85,92.8527,83,20.6635,4.21876,21,38.5429,21,38.5429,0,0
UCF,American Athletic,21-11,0.65625,+8,72,1.91846,78,36.0639,241,85.7525,20,27.0516,4.48546,89,31.8007,89,31.8518,0.6659,0.3341
Texas A&M,Southeastern,16-15,0.51613,-5,73,1.90999,67,36.8431,195,87.5677,28,26.0135,3.0555,45,36.3678,45,36.3678,0,0
Winthrop,Big South,26-6,0.8125,+4,74,1.90492,87,34.623,50,95.5847,187,15.7767,1.41513,246,24.6117,228,25.2525,0.2163,0.7837
Bucknell,Patriot League,26-8,0.76471,+8,75,1.89669,74,36.2938,70,93.6802,105,19.3509,2.67285,172,26.9032,156,27.5806,0.1532,0.8468
Boise St,Mountain West,20-11,0.64516,+9,76,1.89423,89,34.3511,73,93.597,147,17.4918,3.20236,94,31.5877,94,31.5877,0,0
California,Pac 12,21-13,0.61765,-13,77,1.88933,79,35.9258,201,87.4663,36,25.1982,4.32935,70,33.9949,72,33.9949,0,0
UT Arlington,Sun Belt,25-8,0.75758,-13,78,1.88597,83,35.33,66,93.926,132,18.1408,4.50885,130,28.5675,128,28.919,0.3443,0.6557
Davidson,Atlantic 10,17-15,0.53125,+19,79,1.87696,80,35.8482,79,93.1189,104,19.4697,2.29283,72,33.9548,73,33.9548,0,0
CS Bakersfield,Western Athletic,23-9,0.71875,+24,80,1.85977,96,33.5576,240,85.8046,45,24.4946,2.74144,174,26.8195,175,26.8195,0,0
Monmouth NJ,Metro Atlantic,27-7,0.79412,-9,81,1.85038,90,34.3072,45,96.3584,202,14.6858,1.86084,156,27.3743,162,27.3743,0,0
Colorado,Pac 12,19-14,0.57576,+2,82,1.84976,82,35.7253,61,94.4149,135,18.0501,4.1571,81,33.2292,81,33.4456,0.3341,0.6659
Akron,Mid-American,26-8,0.76471,+5,83,1.84865,94,33.7014,112,91.3305,111,19.1108,1.77528,147,27.7532,143,28.036,0.3829,0.6171
Col Charleston,Colonial,25-10,0.71429,-5,84,1.84694,92,34.0714,234,86.3205,46,24.4902,3.43797,118,29.5875,118,29.5875,0,0
UNC Greensboro,Southern,25-9,0.73529,+2,85,1.8413,106,32.5239,166,88.9594,88,20.3003,2.49831,182,26.4164,172,26.8912,0.1838,0.8162
St Bonaventure,Atlantic 10,20-12,0.625,+6,86,1.83386,84,35.1226,83,92.8749,114,18.9903,1.93974,100,31.1512,100,31.1512,0,0
Auburn,Southeastern,18-14,0.5625,-14,87,1.82953,88,34.4702,15,100.513,275,10.6926,3.09865,61,35.1221,61,35.1221,0,0
Texas,Big 12,11-22,0.33333,+17,88,1.82821,77,36.1026,214,87.0381,32,25.7997,3.75209,7,39.8328,6,39.8328,0,0
Belmont,OH Valley,22-6,0.78571,+2,89,1.82573,95,33.604,92,92.4093,138,17.9324,2.41018,164,27.1247,154,27.6318,0.2552,0.7448
Penn St,Big 10,15-18,0.45455,-1,90,1.8192,86,34.9316,90,92.4891,110,19.1794,3.42049,39,36.8321,40,36.8321,0,0
Oklahoma,Big 12,11-20,0.35484,-14,91,1.81913,75,36.2297,77,93.306,101,19.6573,3.94764,11,39.5068,10,39.5068,0,0
Ohio St,Big 10,17-15,0.53125,-21,92,1.81607,85,34.951,98,92.0954,103,19.5915,3.87093,59,35.4429,58,35.4429,0,0
FL Gulf Coast,Atlantic Sun,26-7,0.78788,-3,93,1.8121,102,32.8942,161,89.1429,86,20.4908,2.96746,244,24.6178,229,25.2469,0.1537,0.8463
Fresno St,Mountain West,20-12,0.625,+3,94,1.79772,97,33.3681,132,90.4969,102,19.6074,4.19609,111,30.0339,108,30.4516,0.1762,0.8238
Oakland,Horizon,25-8,0.75758,+30,95,1.78664,91,34.1211,76,93.3548,146,17.5123,2.15798,185,26.3483,187,26.3483,0,0
San Diego St,Mountain West,19-14,0.57576,+17,96,1.78302,76,36.1656,245,85.4448,16,27.4601,3.32977,106,30.6996,105,30.6996,0,0
Georgetown,Big East,14-18,0.4375,-16,97,1.77985,81,35.7637,102,91.9545,84,20.5453,3.36747,38,37.0639,38,37.0639,0,0
St John's,Big East,14-19,0.42424,+3,98,1.77913,104,32.6259,35,97.5308,254,11.8306,3.37865,51,35.9898,52,35.9898,0,0
Utah,Pac 12,20-12,0.625,-32,99,1.77453,73,36.4077,67,93.8945,108,19.2522,4.16399,95,31.4333,96,31.4333,0,0
George Mason,Atlantic 10,20-13,0.60606,-1,100,1.7703,98,33.0801,74,93.5587,172,16.2624,2.04465,105,30.7239,107,30.4664,0.8673,0.1327
G Washington,Atlantic 10,19-14,0.57576,-5,101,1.7652,107,32.3095,181,88.3198,81,20.7293,3.42028,93,31.5907,95,31.5086,0.6794,0.3206
Kent,Mid-American,22-13,0.62857,+36,102,1.76264,118,31.3822,116,91.2123,156,16.911,1.54799,159,27.2885,149,27.7833,0.1076,0.8924
Mississippi St,Southeastern,16-16,0.5,-3,103,1.74553,93,33.9792,134,90.3998,87,20.3136,3.29564,73,33.8929,74,33.8929,0,0
Connecticut,American Athletic,16-17,0.48485,+4,104,1.73242,100,32.9812,208,87.3003,63,22.4199,3.94368,78,33.4691,80,33.4691,0,0
NC State,Atlantic Coast,15-17,0.46875,-11,105,1.72155,115,31.8039,47,95.9922,245,12.5455,4.33392,60,35.3134,60,35.3134,0,0
N Kentucky,Horizon,24-10,0.70588,+9,106,1.71717,131,30.2879,149,89.7956,152,17.234,2.70417,230,25.0978,211,25.7522,0.0478,0.9522
Valparaiso,Horizon,24-9,0.72727,-4,107,1.71009,108,32.2803,185,88.1619,80,20.8622,3.09143,144,27.9062,147,27.9062,0,0
San Francisco,West Coast,20-12,0.625,-2,108,1.70887,99,33.0582,176,88.6125,76,21.1852,2.50069,109,30.0882,110,30.1158,0.5614,0.4386
Santa Clara,West Coast,17-16,0.51515,-2,109,1.70572,101,32.9017,229,86.587,53,23.0529,1.54839,98,31.2617,98,31.2617,0,0
Nebraska,Big 10,12-19,0.3871,-17,110,1.69884,110,32.1053,147,89.8456,112,18.9946,3.40082,33,37.2901,36,37.2901,0,0
Arizona St,Pac 12,15-18,0.45455,+5,111,1.69292,120,31.245,42,96.5498,264,11.4332,3.553,67,34.1439,68,34.1439,0,0
Rutgers,Big 10,15-18,0.45455,+7,112,1.69179,123,30.9744,247,84.934,57,22.775,2.74443,76,33.6412,79,33.6412,0,0
Iona,Metro Atlantic,22-12,0.64706,-4,113,1.68799,116,31.6072,44,96.366,251,11.9799,1.20809,173,26.8652,160,27.4051,0.1049,0.8951
Grand Canyon,Western Athletic,22-9,0.70968,+7,114,1.68557,133,30.1197,193,87.6069,107,19.2529,2.94182,229,25.1244,232,25.1244,0,0
Troy,Sun Belt,22-14,0.61111,+49,115,1.6815,109,32.2394,82,92.9272,180,16.05,2.81845,223,25.3651,201,25.9665,0.0889,0.9111
Memphis,American Athletic,19-13,0.59375,-21,116,1.67682,113,31.8493,120,91.0493,145,17.5382,4.97427,103,30.8366,103,30.8366,0,0
UNC Asheville,Big South,23-9,0.71875,+3,117,1.67472,103,32.8657,87,92.5985,155,17.0052,2.4605,224,25.3514,225,25.4199,0.6633,0.3367
New Mexico,Mountain West,17-14,0.54839,-7,118,1.65752,121,31.2434,142,90.1441,140,17.8357,3.52508,92,31.5968,93,31.5968,0,0
Ohio,Mid-American,20-11,0.64516,-2,119,1.65201,105,32.6043,137,90.3536,113,18.9903,2.42213,162,27.2011,165,27.2011,0,0
Furman,Southern,21-11,0.65625,+4,120,1.65143,112,31.8508,198,87.543,78,21.0471,2.53234,171,26.9283,174,26.8741,0.7084,0.2916
Georgia St,Sun Belt,20-12,0.625,+1,121,1.63555,125,30.8708,162,89.0704,123,18.5372,3.66211,157,27.3308,161,27.39,0.546,0.454
North Dakota,Big Sky,22-9,0.70968,+44,122,1.62886,141,29.6486,100,92.0814,208,14.3049,2.80764,302,21.9803,292,22.7617,0.0613,0.9387
Towson,Colonial,20-13,0.60606,+3,123,1.62633,126,30.7938,164,89.0414,124,18.4884,3.4925,146,27.7665,150,27.7665,0,0
Stanford,Pac 12,14-17,0.45161,-22,124,1.61537,119,31.3815,159,89.2879,116,18.8316,4.51266,63,34.9345,63,34.9345,0,0
Ball St,Mid-American,21-12,0.63636,+7,125,1.60378,143,29.5845,94,92.2349,214,14.0887,1.9559,208,25.7388,203,25.93,0.4066,0.5934
South Dakota,Summit Lg,22-11,0.66667,+5,126,1.60244,132,30.1498,131,90.5088,169,16.3772,3.74456,199,25.8928,188,26.3274,0.1807,0.8193
Yale,Ivy League,18-11,0.62069,+9,127,1.60154,154,28.8719,156,89.4641,176,16.1461,1.43842,180,26.5276,183,26.5276,0,0
Lehigh,Patriot League,20-12,0.625,-5,128,1.59428,136,30.0333,89,92.5307,211,14.2425,2.43335,191,26.1446,195,26.1446,0,0
Louisiana Tech,Conference USA,23-10,0.69697,-15,129,1.59267,122,31.1091,152,89.706,133,18.1379,4.63352,257,24.2719,257,24.2719,0,0
Temple,American Athletic,16-16,0.5,-20,130,1.59171,127,30.6134,133,90.4575,157,16.8945,3.922,87,32.414,87,32.414,0,0
Harvard,Ivy League,18-10,0.64286,-19,131,1.58781,114,31.8095,182,88.2848,90,20.2624,2.1281,201,25.8114,206,25.8114,0,0
Marshall,Conference USA,20-15,0.57143,+48,132,1.58654,145,29.5408,9,102.714,340,3.56677,3.49297,150,27.6333,153,27.6333,0,0
NE Omaha,Summit Lg,18-14,0.5625,-15,133,1.5841,147,29.3695,36,97.4446,306,8.66327,2.93131,131,28.5001,133,28.5001,0,0
S Dakota St,Summit Lg,18-16,0.52941,+11,134,1.58284,161,28.4481,93,92.2433,239,12.9416,3.84416,153,27.5339,140,28.1481,0.0159,0.9841
La Salle,Atlantic 10,15-15,0.5,-7,135,1.57594,135,30.0594,71,93.6801,232,13.1212,3.392,88,31.8416,91,31.8416,0,0
Jacksonville St,OH Valley,20-14,0.58824,+3,136,1.5749,140,29.6848,264,84.1072,64,22.3153,0.976279,205,25.761,190,26.3107,0.0757,0.9243
ULL,Sun Belt,21-12,0.63636,-10,137,1.57433,153,28.9673,38,97.018,305,8.68829,3.36515,190,26.1909,194,26.1909,0,0
S Illinois,Missouri Val,17-16,0.51515,+2,138,1.57014,148,29.3435,239,85.8194,89,20.2658,3.57434,112,30.0064,112,30.0064,0,0
Tulsa,American Athletic,15-17,0.46875,+4,139,1.56855,156,28.8072,196,87.5602,137,17.987,5.24384,85,32.5932,85,32.5932,0,0
Samford,Southern,20-15,0.57143,+12,140,1.5652,142,29.5923,65,94.1559,249,12.1759,1.57546,163,27.1413,166,27.1413,0,0
Albany NY,America East,21-13,0.61765,-6,141,1.55973,124,30.9272,223,86.7806,79,20.884,1.84373,225,25.2972,226,25.4187,0.5902,0.4098
Texas St,Sun Belt,20-13,0.60606,+30,142,1.55423,152,29.0214,305,81.214,42,24.5465,3.83037,240,24.8236,244,24.6875,0.8331,0.1669
Buffalo,Mid-American,17-15,0.53125,-10,143,1.55243,117,31.4887,95,92.226,182,16.0041,1.8819,133,28.4407,135,28.4407,0,0
Old Dominion,Conference USA,19-12,0.6129,-14,144,1.54346,138,29.8676,334,78.1711,12,28.4346,3.38392,149,27.6696,152,27.6696,0,0
St Peter's,Metro Atlantic,19-13,0.59375,-4,145,1.54208,129,30.4045,331,78.9107,13,28.2311,1.28664,194,26.0968,191,26.3046,0.4098,0.5902
Chattanooga,Southern,19-12,0.6129,+2,146,1.53539,134,30.0911,222,86.7888,94,20.0419,2.89109,152,27.5527,157,27.5527,0,0
Loy Marymount,West Coast,15-15,0.5,-1,147,1.53195,155,28.8658,207,87.3192,129,18.2843,2.47701,110,30.0437,111,30.0437,0,0
Loyola-Chicago,Missouri Val,18-14,0.5625,+2,148,1.51945,111,31.9437,184,88.1762,85,20.5083,4.15839,142,27.9842,144,27.9842,0,0
Wright St,Horizon,20-12,0.625,+8,149,1.51846,168,28.0768,135,90.386,204,14.436,3.15461,177,26.7767,178,26.7767,0,0
William & Mary,Colonial,17-14,0.54839,-1,150,1.51645,163,28.4145,46,96.2066,302,8.94513,4.7394,158,27.3287,163,27.3287,0,0
Utah St,Mountain West,15-17,0.46875,+23,151,1.51093,137,30.0161,178,88.5783,131,18.1734,4.41223,120,29.386,120,29.386,0,0
UC Davis,Big West,22-12,0.64706,+46,152,1.50777,193,26.0448,258,84.4573,127,18.3273,4.00704,277,23.2627,274,23.3934,0.4409,0.5591
Massachusetts,Atlantic 10,15-18,0.45455,+10,153,1.50545,139,29.7073,165,88.9903,148,17.4584,2.65926,104,30.832,104,30.832,0,0
UC Irvine,Big West,21-14,0.6,-1,154,1.50525,150,29.2431,266,84.0132,67,21.9708,3.39865,193,26.1223,181,26.5655,0.1138,0.8862
Washington St,Pac 12,13-18,0.41935,-18,155,1.50341,179,27.3604,204,87.4044,163,16.6969,3.34564,82,32.9234,82,32.9234,0,0
East Carolina,American Athletic,15-18,0.45455,+40,156,1.50235,149,29.2853,270,83.7748,65,22.2463,4.17889,115,29.771,115,29.771,0,0
Wofford,Southern,16-17,0.48485,+1,157,1.50198,144,29.5592,72,93.6743,243,12.624,3.3607,140,28.0717,142,28.0717,0,0
N Dakota St,Summit Lg,19-11,0.63333,+2,158,1.49957,185,27.1678,211,87.1301,159,16.7737,4.03268,192,26.1376,196,26.1376,0,0
Arkansas St,Sun Belt,20-12,0.625,-30,159,1.49885,157,28.7171,186,88.0162,149,17.441,4.20071,155,27.493,159,27.493,0,0
Siena,Metro Atlantic,17-17,0.5,-6,160,1.4933,159,28.5199,122,90.9696,209,14.2864,2.1288,148,27.6753,151,27.6753,0,0
W Michigan,Mid-American,16-16,0.5,-17,161,1.49171,164,28.3951,175,88.6212,167,16.5154,3.43803,137,28.2005,139,28.2005,0,0
Wyoming,Mountain West,18-14,0.5625,-28,162,1.48954,166,28.1754,81,92.9454,252,11.9667,4.25041,129,28.608,132,28.5104,0.6696,0.3304
Northern Iowa,Missouri Val,14-16,0.46667,-4,163,1.48747,177,27.372,330,78.9158,37,25.1939,4.57659,96,31.3321,97,31.3321,0,0
Missouri St,Missouri Val,17-16,0.51515,-3,164,1.48501,151,29.0758,157,89.4387,168,16.3786,3.97829,138,28.0931,141,28.0931,0,0
Toledo,Mid-American,17-16,0.51515,-10,165,1.48381,128,30.4166,119,91.1276,181,16.0308,3.24628,141,28.0047,138,28.2318,0.3206,0.6794
Gardner Webb,Big South,19-14,0.57576,+3,166,1.47906,146,29.3873,111,91.4908,203,14.6339,0.966903,260,24.0813,262,24.0813,0,0
Mercer,Southern,15-17,0.46875,-2,167,1.47685,130,30.3188,243,85.6706,74,21.3877,2.22358,135,28.3969,137,28.3969,0,0
E Washington,Big Sky,22-11,0.66667,-12,168,1.47085,175,27.4294,91,92.4767,257,11.6943,3.33102,265,23.9378,260,24.1902,0.3303,0.6697
New Hampshire,America East,20-12,0.625,-7,169,1.46967,171,27.7504,260,84.3761,92,20.1118,1.95769,279,23.2241,279,23.2241,0,0
Rice,Conference USA,22-11,0.66667,-28,170,1.46659,173,27.6905,51,95.2767,301,9.1531,3.29959,266,23.9201,261,24.1446,0.4385,0.5615
Mt St Mary's,Northeast,20-15,0.57143,+23,171,1.4639,202,25.3226,277,83.2845,118,18.7814,1.13037,235,25.0055,237,25.0055,0,0
Ga Southern,Sun Belt,18-14,0.5625,-25,172,1.45969,184,27.1904,145,89.8875,215,14.0407,3.97003,181,26.492,184,26.4846,0.6053,0.3947
Elon,Colonial,18-14,0.5625,-5,173,1.4564,158,28.6622,187,88.0147,150,17.3846,3.90645,178,26.625,179,26.625,0,0
Evansville,Missouri Val,16-17,0.48485,-3,174,1.45032,172,27.7042,192,87.6477,158,16.7951,4.15139,128,28.6566,130,28.6566,0,0
Weber St,Big Sky,18-13,0.58065,+10,175,1.44262,167,28.1188,127,90.6727,212,14.1861,2.68905,253,24.5009,252,24.5447,0.5667,0.4333
Northeastern,Colonial,15-16,0.48387,-1,176,1.43595,186,27.1654,194,87.6016,171,16.3013,3.79438,124,28.9753,126,28.9753,0,0
TN Martin,OH Valley,21-12,0.63636,,177,1.43527,207,25.058,168,88.8214,237,12.9738,2.54921,270,23.6949,267,23.9249,0.3366,0.6634
IPFW,Summit Lg,19-12,0.6129,-2,178,1.43415,162,28.4343,41,96.5782,307,8.59254,3.71098,238,24.8291,239,24.9198,0.5934,0.4066
LSU,Southeastern,10-21,0.32258,-28,179,1.43242,182,27.2087,54,95.0258,303,8.91893,3.69579,56,35.6461,55,35.6461,0,0
Lipscomb,Atlantic Sun,20-13,0.60606,-1,180,1.42855,169,27.8939,40,96.7476,315,7.88542,2.38613,272,23.4941,272,23.4941,0,0
TX Southern,Southwestern AC,23-11,0.67647,+9,181,1.42491,228,23.6266,227,86.6535,223,13.7129,4.73295,304,21.8825,298,22.4919,0.0233,0.9767
WI Green Bay,Horizon,18-13,0.58065,,182,1.42344,189,26.787,96,92.1766,266,11.3543,2.65649,218,25.4635,221,25.531,0.4642,0.5358
Missouri,Southeastern,8-24,0.25,+29,183,1.42137,160,28.5032,206,87.3241,139,17.916,2.887,66,34.1873,67,34.1873,0,0
Fordham,Atlantic 10,13-19,0.40625,-14,184,1.41323,187,27.0727,296,81.7338,66,22.0775,2.10109,116,29.7542,116,29.7542,0,0
E Michigan,Mid-American,16-17,0.48485,-18,185,1.41282,174,27.6879,160,89.2118,196,15.2161,2.41238,154,27.5316,158,27.5316,0,0
NC Central,Mid-Eastern AC,25-8,0.75758,+31,186,1.40004,170,27.7776,251,84.7132,95,19.8042,2.13127,340,17.6276,340,17.8932,0.559,0.441
New Orleans,Southland,20-12,0.625,,187,1.39002,180,27.3368,246,85.3698,122,18.7063,3.46531,297,22.488,299,22.488,0,0
Coastal Car,Sun Belt,16-17,0.48485,+1,188,1.38558,197,25.6529,228,86.6271,188,15.7606,4.37641,170,26.9618,180,26.6213,0.8772,0.1228
Penn,Ivy League,13-15,0.46429,-8,189,1.38335,176,27.4115,242,85.726,125,18.4237,0.752985,143,27.9213,146,27.9213,0,0
St Joseph's PA,Atlantic 10,11-20,0.35484,-17,190,1.38019,178,27.3629,200,87.4963,165,16.6074,1.89439,86,32.5671,86,32.5671,0,0
Stony Brook,America East,18-13,0.58065,-7,191,1.37994,201,25.3763,275,83.2966,117,18.8173,2.14605,251,24.5441,249,24.5894,0.4712,0.5288
Liberty,Big South,20-13,0.60606,+16,192,1.379,205,25.1467,328,79.2675,60,22.6176,2.36328,298,22.3719,300,22.3719,0,0
Tennessee St,OH Valley,17-13,0.56667,-1,193,1.37809,181,27.3129,249,84.7676,106,19.2827,1.47283,206,25.757,210,25.757,0,0
UTEP,Conference USA,15-17,0.46875,+13,194,1.37747,190,26.2859,252,84.6915,126,18.3331,2.4418,204,25.7784,209,25.7784,0,0
Utah Valley,Western Athletic,15-16,0.48387,+20,195,1.37384,165,28.2188,115,91.2363,222,13.7221,2.2036,207,25.755,204,25.9242,0.3946,0.6054
Boston Univ,Patriot League,18-14,0.5625,-10,196,1.37327,198,25.6404,170,88.7209,225,13.6584,2.26521,242,24.6746,245,24.6746,0,0
San Jose St,Mountain West,14-16,0.46667,-19,197,1.37321,217,24.4521,174,88.6238,244,12.5654,3.50749,134,28.399,136,28.399,0,0
Missouri KC,Western Athletic,17-16,0.51515,+2,198,1.36027,218,24.4386,143,90.1224,272,11.0559,3.18074,183,26.4072,185,26.3716,0.5357,0.4643
Idaho,Big Sky,18-13,0.58065,,199,1.35955,210,24.8253,238,86.0627,194,15.5019,3.22799,282,23.1936,282,23.1112,0.7007,0.2993
Canisius,Metro Atlantic,18-16,0.52941,-17,200,1.35944,192,26.2671,103,91.7722,268,11.2313,1.07634,186,26.3129,189,26.3129,0,0
Denver,Summit Lg,16-14,0.53333,-4,201,1.35422,194,25.882,177,88.5822,216,14.0343,3.44363,187,26.2606,192,26.2606,0,0
St Louis,Atlantic 10,12-21,0.36364,+8,202,1.35077,231,23.2585,335,78.1465,70,21.8512,2.79045,108,30.4372,109,30.4372,0,0
Bradley,Missouri Val,13-20,0.39394,+1,203,1.3405,211,24.7354,286,82.558,115,18.917,4.19001,119,29.5737,119,29.5737,0,0
TAM C. Christi,Southland,20-11,0.64516,-13,204,1.34041,208,24.9882,190,87.7577,217,13.9724,4.27732,305,21.7884,304,22.0088,0.454,0.546
UMBC,America East,18-12,0.6,,205,1.32877,195,25.8632,52,95.2075,321,7.39301,2.05268,276,23.2823,277,23.2704,0.6389,0.3611
Boston College,Atlantic Coast,9-23,0.28125,-18,206,1.32807,183,27.2055,129,90.5645,227,13.375,4.3858,64,34.7226,64,34.7226,0,0
IUPUI,Summit Lg,14-18,0.4375,-1,207,1.3274,199,25.598,130,90.5616,255,11.773,3.17217,165,27.0502,167,27.0502,0,0
DePaul,Big East,9-23,0.28125,-15,208,1.32294,191,26.2837,220,86.829,173,16.1915,3.50757,74,33.7464,76,33.7464,0,0
Rider,Metro Atlantic,18-15,0.54545,-7,209,1.3207,225,23.6706,163,89.0479,265,11.3574,1.86696,255,24.3815,255,24.3815,0,0
Fairfield,Metro Atlantic,16-14,0.53333,-9,210,1.32049,222,23.922,248,84.8259,184,15.8318,1.64341,219,25.4598,219,25.5379,0.3611,0.6389
Hofstra,Colonial,15-17,0.46875,+2,211,1.30151,200,25.593,104,91.7653,278,10.564,3.16277,169,26.9652,171,26.9652,0,0
Navy,Patriot League,16-16,0.5,+2,212,1.29967,203,25.2974,316,80.3734,72,21.6647,2.22498,243,24.6423,246,24.6423,0,0
San Diego,West Coast,13-18,0.41935,+3,213,1.29945,212,24.6497,291,82.1567,109,19.2284,1.32915,123,29.073,124,29.073,0,0
UAB,Conference USA,17-16,0.51515,-3,214,1.29707,220,23.9459,256,84.4997,174,16.1825,4.73427,200,25.8816,205,25.8816,0,0
Washington,Pac 12,9-22,0.29032,-6,215,1.2952,188,26.9642,88,92.5411,271,11.1607,3.89762,75,33.6613,78,33.6613,0,0
C Michigan,Mid-American,16-16,0.5,+4,216,1.28911,221,23.924,8,102.77,349,-2.10818,2.39935,216,25.5374,220,25.5374,0,0
Montana,Big Sky,16-16,0.5,-22,217,1.28395,196,25.6558,199,87.5098,199,14.8873,2.77169,217,25.5264,222,25.5264,0,0
Morehead St,OH Valley,14-16,0.46667,+3,218,1.28276,215,24.4954,144,89.8991,267,11.3351,2.96483,198,25.9856,200,25.9856,0,0
North Florida,Atlantic Sun,15-19,0.44118,,219,1.27989,236,22.794,158,89.3063,287,10.2238,2.9674,226,25.2313,230,25.2313,0,0
Campbell,Big South,18-17,0.51429,+14,220,1.27796,230,23.5773,250,84.7136,192,15.6018,1.50071,306,21.4623,308,21.4623,0,0
Murray St,OH Valley,16-17,0.48485,+2,221,1.27367,209,24.9059,118,91.1711,283,10.4731,2.53748,256,24.2884,256,24.2884,0,0
N Illinois,Mid-American,15-17,0.46875,,222,1.26623,204,25.2739,259,84.4379,144,17.5769,2.01594,220,25.458,223,25.458,0,0
Bowling Green,Mid-American,13-19,0.40625,+2,223,1.2572,233,23.1403,191,87.6867,248,12.1961,2.34942,161,27.2458,164,27.2458,0,0
Long Beach St,Big West,15-19,0.44118,+8,224,1.2516,214,24.5375,124,90.8956,285,10.3821,3.77898,168,27.028,170,27.028,0,0
Air Force,Mountain West,12-21,0.36364,+34,225,1.24711,213,24.6083,202,87.4475,219,13.8982,3.94256,145,27.8402,148,27.8402,0,0
Pacific,West Coast,11-22,0.33333,,226,1.23905,216,24.4548,262,84.1636,154,17.028,2.3352,113,29.8811,113,29.8811,0,0
Indiana St,Missouri Val,11-20,0.35484,,227,1.23433,219,24.376,203,87.4191,224,13.6992,4.25967,117,29.6299,117,29.6299,0,0
IL Chicago,Horizon,15-18,0.45455,+9,228,1.21831,224,23.7809,141,90.1702,286,10.3532,2.20932,252,24.522,253,24.5146,0.5287,0.4713
Holy Cross,Patriot League,15-17,0.46875,+1,229,1.21664,227,23.6506,344,75.7767,41,24.6162,2.67015,215,25.568,218,25.568,0,0
E Illinois,OH Valley,14-15,0.48276,+10,230,1.21314,223,23.8972,218,86.8911,221,13.7427,2.07204,273,23.4235,273,23.4235,0,0
Sam Houston St,Southland,21-13,0.61765,+5,231,1.20958,255,21.6747,271,83.5132,198,14.8999,4.37988,321,20.6662,321,20.6662,0,0
CS Fullerton,Big West,17-14,0.54839,+10,232,1.20873,238,22.6893,257,84.4829,197,14.9462,3.20601,308,21.3937,307,21.5539,0.4332,0.5668
WI Milwaukee,Horizon,11-24,0.31429,-5,233,1.20568,232,23.1808,318,80.1308,96,19.7908,1.48167,175,26.8191,176,26.8191,0,0
SF Austin,Southland,18-14,0.5625,-1,234,1.19756,244,22.0637,308,81.0372,141,17.7672,4.50075,309,21.3758,306,21.5746,0.2993,0.7007
Delaware,Colonial,13-20,0.39394,+3,235,1.19708,273,20.4624,307,81.1269,179,16.0715,3.77312,195,26.0887,197,26.0887,0,0
SC Upstate,Atlantic Sun,17-15,0.53125,+3,236,1.19694,229,23.611,151,89.7088,277,10.6375,1.4526,293,22.6224,287,22.8738,0.2915,0.7085
WKU,Conference USA,15-17,0.46875,-19,237,1.19672,240,22.4374,276,83.2916,183,15.8814,4.53508,211,25.6769,214,25.6769,0,0
Youngstown St,Horizon,13-21,0.38235,+11,238,1.19548,265,20.9176,99,92.0883,330,5.573,2.22402,232,25.0577,234,25.0577,0,0
Long Island,Northeast,20-12,0.625,+4,239,1.19322,258,21.4064,269,83.8254,207,14.3173,0.710092,327,19.9449,327,19.9449,0,0
SE Missouri St,OH Valley,15-18,0.45455,+5,240,1.19018,245,21.9779,216,87.0078,256,11.7081,2.95291,268,23.8573,269,23.8573,0,0
Loyola MD,Patriot League,15-16,0.48387,,241,1.18929,251,21.7291,312,80.7534,142,17.7161,2.31632,250,24.5674,241,24.8571,0.1326,0.8674
St Francis PA,Northeast,17-16,0.51515,+5,242,1.18683,250,21.76,169,88.7669,296,9.73167,1.3394,322,20.6422,322,20.6422,0,0
Ark Little Rock,Sun Belt,15-17,0.46875,-14,243,1.18106,237,22.7348,327,79.347,91,20.1255,3.56101,248,24.5768,250,24.5768,0,0
UNLV,Mountain West,11-21,0.34375,+2,244,1.1793,239,22.5643,255,84.578,200,14.723,4.00437,114,29.8122,114,29.8122,0,0
Portland,West Coast,11-22,0.33333,+3,245,1.17381,242,22.233,285,82.8782,178,16.0937,1.24974,132,28.4518,134,28.4518,0,0
South Alabama,Sun Belt,14-18,0.4375,-15,246,1.16365,243,22.0901,237,86.1445,242,12.6836,4.25422,214,25.5732,217,25.5732,0,0
UT San Antonio,Conference USA,14-19,0.42424,+14,247,1.16298,261,21.211,302,81.2886,164,16.6602,5.19567,231,25.093,233,25.093,0,0
Kennesaw,Atlantic Sun,14-18,0.4375,+2,248,1.15945,254,21.7026,217,86.9657,263,11.4716,2.28717,283,23.0631,283,23.0631,0,0
Radford,Big South,14-18,0.4375,+9,249,1.14869,274,20.4469,332,78.8773,128,18.3064,1.79793,258,24.2676,258,24.2676,0,0
Duquesne,Atlantic 10,10-22,0.3125,-15,250,1.14746,206,25.071,167,88.8425,238,12.9725,2.11797,121,29.3258,121,29.3258,0,0
James Madison,Colonial,10-23,0.30303,,251,1.14735,226,23.6695,313,80.7243,100,19.6806,3.31025,166,27.0395,168,27.0395,0,0
Wagner,Northeast,16-14,0.53333,+2,252,1.14534,248,21.8321,315,80.3874,130,18.1846,0.975857,320,20.7664,320,20.7664,0,0
Columbia,Ivy League,11-16,0.40741,,253,1.14014,235,22.7963,230,86.5185,234,13.0168,1.60238,239,24.8242,242,24.8242,0,0
High Point,Big South,15-16,0.48387,+6,254,1.1379,241,22.3113,274,83.3179,190,15.7315,1.90507,296,22.5317,297,22.5317,0,0
Robert Morris,Northeast,14-19,0.42424,,255,1.13552,269,20.6323,319,80.0037,151,17.3711,0.251995,262,24.0398,264,24.0398,0,0
Houston Bap,Southland,17-14,0.54839,-53,256,1.12928,264,20.9507,154,89.5556,311,8.13281,4.59202,318,20.8444,318,20.8444,0,0
Charlotte,Conference USA,13-17,0.43333,-13,257,1.12735,253,21.7211,126,90.7554,318,7.70195,4.37484,197,26.0621,199,26.0621,0,0
Montana St,Big Sky,16-16,0.5,-34,258,1.11658,249,21.7942,123,90.9631,320,7.57118,3.43125,287,22.8704,288,22.8704,0,0
Lamar,Southland,19-14,0.57576,-7,259,1.1095,257,21.4668,215,87.0344,270,11.1677,5.08916,336,18.9241,332,19.3109,0.1669,0.8331
Portland St,Big Sky,15-16,0.48387,+4,260,1.10044,247,21.9263,63,94.2368,337,4.42921,3.11467,314,21.0519,314,21.0519,0,0
E Kentucky,OH Valley,12-19,0.3871,+2,261,1.09742,262,21.0232,268,83.8314,218,13.9285,2.94247,234,25.0201,236,25.0201,0,0
Army,Patriot League,13-19,0.40625,,262,1.09514,246,21.944,213,87.0928,262,11.5883,2.63348,271,23.6574,271,23.6574,0,0
Austin Peay,OH Valley,11-19,0.36667,+2,263,1.08933,275,20.3401,101,92.0132,333,5.06295,2.29747,241,24.7335,243,24.7335,0,0
Tennessee Tech,OH Valley,12-20,0.375,+2,264,1.08888,252,21.7278,244,85.4567,235,13.0073,1.94166,264,23.9695,266,23.9695,0,0
Oral Roberts,Summit Lg,8-22,0.26667,+3,265,1.08582,234,23.0291,150,89.7915,290,9.97491,3.99236,126,28.7264,129,28.7264,0,0
Pepperdine,West Coast,9-22,0.29032,+1,266,1.08259,279,19.9622,189,87.9195,304,8.7816,3.08169,122,29.193,123,29.193,0,0
Citadel,Southern,12-21,0.36364,+6,267,1.07688,281,19.8971,13,101.795,350,-5.16253,2.4456,254,24.4083,254,24.4083,0,0
Miami OH,Mid-American,11-21,0.34375,+6,268,1.07594,270,20.6226,292,82.1414,195,15.2205,2.22789,203,25.7849,208,25.7849,0,0
Seattle,Western Athletic,13-17,0.43333,,269,1.06496,259,21.2768,298,81.4781,166,16.5364,2.93257,275,23.2843,276,23.2843,0,0
CS Sacramento,Big Sky,13-18,0.41935,,270,1.06123,285,19.3919,278,83.2744,241,12.8569,2.94898,300,22.3338,302,22.3338,0,0
Hawaii,Big West,14-16,0.46667,-14,271,1.06022,266,20.7942,295,81.8942,191,15.6397,3.51803,284,23.0125,284,23.0125,0,0
Brown,Ivy League,13-17,0.43333,,272,1.05779,267,20.7676,128,90.5779,323,6.93017,1.08344,291,22.7316,293,22.7316,0,0
Niagara,Metro Atlantic,10-23,0.30303,+3,273,1.02331,271,20.5818,235,86.3163,274,11.0016,1.83663,237,24.8682,240,24.8682,0,0
FL Atlantic,Conference USA,10-20,0.33333,-3,274,1.02147,278,19.9999,254,84.6158,250,12.1194,2.77015,247,24.6041,248,24.6041,0,0
Colgate,Patriot League,10-22,0.3125,+5,275,1.01547,268,20.7552,294,81.9266,193,15.5675,1.68649,228,25.1365,231,25.1365,0,0
SE Louisiana,Southland,16-16,0.5,-20,276,1.00556,277,20.021,314,80.6402,177,16.122,4.26247,326,20.0062,326,20.0062,0,0
Cleveland St,Horizon,9-22,0.29032,+8,277,1.00302,260,21.2363,320,79.9703,136,18.0074,3.5561,167,27.0331,169,27.0331,0,0
ULM,Sun Belt,9-24,0.27273,+28,278,1.00267,263,20.9642,300,81.3404,170,16.3614,4.09799,209,25.7194,212,25.7194,0,0
Jacksonville,Atlantic Sun,17-16,0.51515,-4,279,1.00203,283,19.7125,233,86.3925,288,10.055,1.64693,328,19.9224,328,19.9224,0,0
Cornell,Ivy League,8-21,0.27586,+2,280,0.999349,276,20.1865,232,86.4464,282,10.4782,1.52713,184,26.352,186,26.352,0,0
Alcorn St,Southwestern AC,18-14,0.5625,+7,281,0.997801,289,18.8445,322,79.839,189,15.7491,3.8813,345,16.9369,345,16.9369,0,0
Norfolk St,Mid-Eastern AC,17-17,0.5,+1,282,0.997689,290,18.5709,287,82.3867,240,12.9258,2.89402,329,19.4886,329,19.4886,0,0
Northwestern LA,Southland,13-16,0.44828,-6,283,0.990561,297,18.159,172,88.6789,326,6.22042,2.96076,312,21.1465,312,21.1465,0,0
N Colorado,Big Sky,12-18,0.4,,284,0.988857,284,19.5736,281,83.1589,230,13.1556,2.3314,290,22.7659,291,22.7659,0,0
Cal Poly SLO,Big West,11-20,0.35484,-7,285,0.987839,293,18.3884,297,81.5963,226,13.5331,2.51536,259,24.1977,259,24.1977,0,0
Tulane,American Athletic,6-25,0.19355,-7,286,0.983955,256,21.5108,180,88.3724,293,9.8747,4.18121,107,30.6703,106,30.6703,0,0
Appalachian St,Sun Belt,9-21,0.3,-6,287,0.968608,287,19.1979,236,86.2179,297,9.7193,4.09781,202,25.8057,207,25.8057,0,0
Detroit,Horizon,8-23,0.25806,+4,288,0.955702,301,17.7697,107,91.7059,344,2.80723,2.72935,179,26.5531,182,26.5531,0,0
Charleston So,Big South,12-19,0.3871,+13,289,0.944806,302,17.5776,225,86.7422,319,7.57187,1.81269,313,21.0676,313,21.0676,0,0
Dartmouth,Ivy League,7-20,0.25926,+1,290,0.942397,303,17.5116,280,83.1965,273,11.0524,1.28232,221,25.4366,224,25.4366,0,0
Nicholls St,Southland,14-17,0.45161,-5,291,0.939751,310,16.7503,226,86.6791,324,6.81179,4.098,315,21.0094,315,21.0094,0,0
Manhattan,Metro Atlantic,10-22,0.3125,-3,292,0.937225,296,18.2115,273,83.3257,261,11.6224,2.92086,210,25.7128,213,25.7128,0,0
W Illinois,Summit Lg,8-20,0.28571,+3,293,0.936794,292,18.3908,253,84.6236,281,10.5037,3.16645,263,23.9823,265,23.9823,0,0
Oregon St,Pac 12,5-27,0.15625,-1,294,0.935893,272,20.539,329,79.1652,134,18.1126,4.43408,102,31.0122,101,31.0122,0,0
South Florida,American Athletic,7-23,0.23333,+2,295,0.934092,294,18.361,284,82.9028,247,12.1973,3.85422,125,28.9589,127,28.9589,0,0
Drexel,Colonial,9-23,0.28125,-2,296,0.931205,280,19.9591,173,88.6712,313,8.02433,3.61247,212,25.6425,215,25.6425,0,0
W Carolina,Southern,9-23,0.28125,+4,297,0.930966,304,17.3518,341,76.3765,143,17.7118,3.10318,176,26.7913,177,26.7913,0,0
NJIT,Atlantic Sun,11-20,0.35484,-3,298,0.929931,298,18.1475,289,82.3686,246,12.5167,3.05142,280,23.2122,280,23.2122,0,0
Sacred Heart,Northeast,13-19,0.40625,,299,0.928771,299,17.9238,219,86.8578,316,7.80349,1.14936,307,21.433,309,21.433,0,0
Quinnipiac,Metro Atlantic,10-21,0.32258,-2,300,0.913907,309,16.865,136,90.3661,342,3.23227,2.32433,233,25.051,235,25.051,0,0
Abilene Chr,Southland,13-16,0.44828,-11,301,0.913017,311,16.4259,321,79.8941,229,13.2702,3.21033,332,19.2939,333,19.2939,0,0
F Dickinson,Northeast,11-19,0.36667,+2,302,0.912216,282,19.7867,212,87.118,298,9.40669,1.67481,294,22.6192,295,22.6192,0,0
Bryant,Northeast,12-20,0.375,,303,0.91139,295,18.3401,171,88.717,325,6.36377,2.20767,301,22.19,303,22.19,0,0
CS Northridge,Big West,11-19,0.36667,-17,304,0.905814,291,18.478,105,91.7608,341,3.45657,2.78248,281,23.2055,281,23.2055,0,0
Drake,Missouri Val,7-24,0.22581,+2,305,0.902818,288,18.9791,209,87.2684,308,8.45043,4.87056,151,27.6056,155,27.6056,0,0
American Univ,Patriot League,8-22,0.26667,+2,306,0.877117,307,17.057,340,77.062,161,16.7349,1.83272,236,25.0035,238,25.0035,0,0
MA Lowell,America East,11-20,0.35484,+3,307,0.87345,305,17.2448,110,91.6322,345,2.3474,2.76224,303,21.8838,305,21.8838,0,0
Marist,Metro Atlantic,8-24,0.25,+1,308,0.870233,306,17.1547,265,84.0184,294,9.87349,1.8969,196,26.085,198,26.085,0,0
Savannah St,Mid-Eastern AC,13-16,0.44828,+2,309,0.86432,314,16.0819,28,98.4202,351,-5.5984,2.7461,333,19.2384,334,19.2384,0,0
Incarnate Word,Southland,12-17,0.41379,-5,310,0.862768,322,15.5258,197,87.5509,335,4.71379,3.96441,323,20.6165,323,20.6165,0,0
Lafayette,Patriot League,9-21,0.3,+2,311,0.851655,321,15.5638,282,83.1325,300,9.17171,1.74121,269,23.7513,270,23.7513,0,0
MD E Shore,Mid-Eastern AC,14-20,0.41176,+9,312,0.851285,328,14.4148,283,83.1164,312,8.03796,2.48362,330,19.4806,330,19.4806,0,0
UTRGV,Western Athletic,10-22,0.3125,+2,313,0.851017,300,17.8296,108,91.6739,343,2.89548,3.59202,261,24.0742,263,24.0742,0,0
Hampton,Mid-Eastern AC,14-16,0.46667,-14,314,0.838807,315,16.0565,324,79.469,228,13.3286,2.83262,337,18.6088,337,18.9296,0.1228,0.8772
Stetson,Atlantic Sun,11-21,0.34375,+5,315,0.827635,312,16.1552,179,88.4107,336,4.47923,3.16776,310,21.3087,310,21.3087,0,0
UC Riverside,Big West,8-21,0.27586,+2,316,0.816227,308,16.9566,326,79.362,205,14.3339,3.11087,274,23.3311,275,23.3311,0,0
Northern Arizona,Big Sky,9-23,0.28125,-3,317,0.816165,317,15.8675,310,80.9681,260,11.6387,3.42469,289,22.798,290,22.798,0,0
Florida Intl,Conference USA,7-24,0.22581,+1,318,0.815845,286,19.3716,263,84.153,253,11.9552,3.01756,267,23.8736,268,23.8736,0,0
Santa Barbara,Big West,6-22,0.21429,+3,319,0.810195,319,15.6382,345,75.6805,162,16.6972,3.1527,188,26.2162,193,26.2162,0,0
Southern Miss,Conference USA,9-22,0.29032,-4,320,0.807401,316,15.9251,336,77.9463,201,14.7158,4.09226,278,23.2475,278,23.2475,0,0
Binghamton,America East,12-20,0.375,+2,321,0.802975,313,16.0907,323,79.6713,231,13.1555,2.37054,319,20.7717,319,20.7717,0,0
Grambling,Southwestern AC,16-17,0.48485,+7,322,0.794632,326,14.5486,299,81.3643,292,9.9255,4.45665,348,15.6094,348,15.6094,0,0
Hartford,America East,9-23,0.28125,+1,323,0.781532,332,12.8002,304,81.2368,309,8.30147,2.59208,285,23.0004,285,23.0004,0,0
VMI,Southern,6-24,0.2,+2,324,0.769035,320,15.5958,290,82.2978,289,10.0383,2.47952,213,25.607,216,25.607,0,0
Cent Arkansas,Southland,8-24,0.25,-8,325,0.75359,323,15.2236,153,89.6402,346,2.32697,4.326,245,24.6164,247,24.6164,0,0
Morgan St,Mid-Eastern AC,14-16,0.46667,-14,326,0.745791,327,14.4473,338,77.4168,220,13.7701,3.37587,342,17.5803,342,17.5803,0,0
Edwardsville,OH Valley,6-24,0.2,+1,327,0.729886,318,15.7101,303,81.2738,269,11.1749,2.30502,249,24.5676,251,24.5676,0,0
North Texas,Conference USA,8-22,0.26667,-1,328,0.699352,324,14.8021,272,83.3274,310,8.21026,3.70954,299,22.3349,301,22.3349,0,0
Chicago St,Western Athletic,6-26,0.1875,+5,329,0.690512,330,13.3861,325,79.4442,276,10.682,2.36047,222,25.3787,227,25.3787,0,0
Prairie View,Southwestern AC,13-20,0.39394,-5,330,0.68742,325,14.5563,293,82.0524,299,9.2442,4.70059,335,19.0072,336,19.0072,0,0
S Carolina St,Mid-Eastern AC,11-20,0.35484,+1,331,0.678804,335,11.9488,261,84.3274,338,4.36137,2.41227,331,19.376,331,19.376,0,0
Southern Utah,Big Sky,6-27,0.18182,+8,332,0.66659,331,13.0659,155,89.5403,348,0.265213,2.61153,292,22.7216,294,22.7216,0,0
Southern Univ,Southwestern AC,15-18,0.45455,-2,333,0.661748,333,12.1504,306,81.1854,317,7.70549,4.41977,350,15.4503,350,15.4503,0,0
McNeese St,Southland,7-22,0.24138,-4,334,0.653075,329,14.348,279,83.1982,314,7.88889,3.32446,295,22.5869,296,22.5869,0,0
Maine,America East,7-25,0.21875,,335,0.631124,336,11.5965,337,77.8108,279,10.5246,1.69387,288,22.8689,289,22.8689,0,0
Jackson St,Southwestern AC,14-18,0.4375,-3,336,0.62227,334,12.0731,347,74.5584,210,14.2535,4.49441,349,15.5377,349,15.5377,0,0
Central Conn,Northeast,6-23,0.2069,+1,337,0.574895,338,10.7632,343,75.8477,259,11.6539,1.32284,317,20.8497,317,20.8497,0,0
Howard,Mid-Eastern AC,10-24,0.29412,+1,338,0.574147,341,10.1108,346,75.1925,258,11.655,2.63587,338,18.4291,338,18.4291,0,0
Bethune-Cookman,Mid-Eastern AC,10-22,0.3125,+2,339,0.553627,339,10.4638,301,81.2944,327,5.90761,2.42971,347,16.3119,347,16.3119,0,0
Idaho St,Big Sky,6-26,0.1875,-3,340,0.540313,337,11.4634,288,82.3802,329,5.82465,3.24315,286,22.9347,286,22.9347,0,0
Delaware St,Mid-Eastern AC,10-22,0.3125,-5,341,0.53549,340,10.1994,339,77.0872,295,9.85067,2.46739,344,17.0568,344,17.0568,0,0
Longwood,Big South,6-24,0.2,+2,342,0.459742,343,9.12116,309,81.0338,334,4.82469,1.58284,316,20.9479,316,20.9479,0,0
MS Valley St,Southwestern AC,7-25,0.21875,,343,0.449792,344,9.02163,267,83.8378,347,1.92323,4.08676,324,20.4877,324,20.4877,0,0
Coppin St,Mid-Eastern AC,8-24,0.25,-2,344,0.437797,342,9.3126,317,80.1801,328,5.8747,2.59587,334,19.0104,335,19.0104,0,0
Alabama St,Southwestern AC,8-23,0.25806,,345,0.419605,345,8.99914,333,78.6928,322,7.04819,4.23548,339,17.9916,339,17.9916,0,0
Presbyterian,Big South,5-25,0.16667,,346,0.372307,348,7.10017,350,73.4448,284,10.3929,2.06272,311,21.1738,311,21.1738,0,0
St Francis NY,Northeast,4-27,0.12903,+1,347,0.301723,347,7.522,349,73.7437,280,10.5157,1.34107,325,20.3494,325,20.3494,0,0
Florida A&M,Mid-Eastern AC,7-23,0.23333,-1,348,0.275919,346,7.76719,311,80.7772,339,3.72898,2.26519,351,14.8691,351,14.8691,0,0
Ark Pine Bluff,Southwestern AC,7-25,0.21875,,349,0.254467,349,5.49228,351,72.2885,291,9.94416,4.39037,346,16.4794,346,16.4794,0,0
NC A&T,Mid-Eastern AC,3-29,0.09375,,350,0.073541,350,4.68253,342,75.8983,332,5.52325,2.65298,343,17.2735,343,17.2735,0,0
Alabama A&M,Southwestern AC,2-27,0.06897,,351,0.013718,351,3.05778,348,74.2363,331,5.56204,4.27538,341,17.5807,341,17.5807,0,0
